mfl_id,sportradar_id,fantasypros_id,gsis_id,pff_id,sleeper_id,nfl_id,espn_id,yahoo_id,fleaflicker_id,cbs_id,pfr_id,cfbref_id,rotowire_id,rotoworld_id,ktc_id,stats_id,stats_global_id,fantasy_data_id,swish_id,name,merge_name,position,team,birthdate,age,draft_year,draft_round,draft_pick,draft_ovr,twitter_username,height,weight,college,db_season
17489,NA,28114,00-0041239,131631,NA,NA,4430893,NA,NA,3162240,TrayCh00,NA,19425,NA,NA,43213,0,NA,NA,Chip Trayanum,chip trayanum,RB,NYJ,2002-01-02,24.7,2026,NA,NA,NA,NA,70,224,Toledo,2026
17504,NA,28125,00-0041399,123874,NA,NA,4605951,NA,NA,3167404,DaniCJ00,cj-daniels-1,19316,NA,1966,42819,0,NA,NA,CJ Daniels,cj daniels,WR,LAR,2002-01-04,24.7,2026,6,16,197,NA,74,205,Miami,2026
17634,a8a90d29-7f7e-40d1-815d-fc692ecf75a7,28472,00-0041075,NA,13524,NA,5150249,NA,NA,29124177,JeffJu01,justin-jefferson-3,19547,NA,NA,42774,0,28099,NA,Justin Jefferson,justin jefferson,LB,CLE,2003-03-20,23.5,2026,5,9,149,NA,72,223,Alabama,2026
16641,ad9fc7e3-0a6d-4e41-84c2-cf43b71aee13,22955,00-0039338,146715,11604,57134,4432665,40878,NA,26693971,BoweBr01,brock-bowers-1,17693,NA,1612,40878,0,24943,1285917,Brock Bowers,brock bowers,TE,LVR,2002-12-13,23.8,2024,1,13,13,NA,76,235,Georgia,2026
16161,f78d68c2-f9da-48e7-b954-26b69efd828d,23133,00-0038542,123126,9509,55872,4430807,40055,NA,3168163,RobiBi01,bijan-robinson-1,16739,NA,1414,40055,0,23189,1228244,Bijan Robinson,bijan robinson,RB,ATL,2002-01-30,24.7,2023,1,8,8,NA,71,215,Texas,2026
16162,fef9457e-6497-47de-9bf2-cc3b95929375,22968,00-0039139,122474,9221,55876,4429795,40059,NA,3162723,GibbJa01,jahmyr-gibbs-1,16808,NA,1415,40059,0,23200,1214154,Jahmyr Gibbs,jahmyr gibbs,RB,DET,2002-03-20,24.5,2023,1,12,12,NA,69,202,Alabama,2026
16211,111be44d-7bc2-4cad-934d-c9e946293b2f,23180,00-0039075,100632,9493,56042,4426515,40168,NA,3121687,NacuPu00,puka-nacua-1,16790,NA,1426,40168,0,24172,1162128,Puka Nacua,puka nacua,WR,LAR,2001-05-29,25.3,2023,5,42,177,NA,74,212,BYU,2026
16414,110e6fe0-1c34-11ee-8294-af17faac15de,26068,00-0037692,156112,11533,54401,3953687,40819,NA,2815718,AubrBr00,NA,17649,NA,NA,40819,0,24902,1454349,Brandon Aubrey,brandon aubrey,PK,DAL,1995-03-14,31.5,2023,NA,NA,NA,NA,75,218,Notre Dame,2026
15281,fa99e984-d63b-4ef4-a164-407f68a7eeaf,19788,00-0036900,84270,7564,53434,4362628,33393,NA,2966320,ChasJa00,jamarr-chase-1,15183,NA,1004,33393,0,22564,1109979,Ja'Marr Chase,jamarr chase,WR,CIN,2000-03-01,26.6,2021,1,5,5,NA,72,205,LSU,2026
15350,b4eab0bf-9e1f-43f8-912f-d33ac517bc46,19784,00-0036932,81360,7640,53441,4361423,33400,NA,2967590,ParsMi00,micah-parsons-1,15182,NA,NA,33400,0,22695,1107581,Micah Parsons,micah parsons,DE,GBP,1999-05-26,27.3,2021,1,12,12,NA,75,245,Penn State,2026
14783,64bd0f02-6a5d-407e-98f1-fd02048ea21d,19275,00-0036389,40291,6904,52461,4040715,32723,NA,2240246,HurtJa00,jalen-hurts-1,14416,NA,595,32723,0,21831,913271,Jalen Hurts,jalen hurts,QB,PHI,1998-08-07,28.1,2020,2,21,53,JalenHurts,73,223,Oklahoma,2026
14832,a72ea15b-5199-4101-a300-846e1c655add,19202,00-0036358,61570,6786,52425,4241389,32687,NA,2865251,LambCe00,ceedee-lamb-1,14411,NA,546,32687,0,21679,1062020,CeeDee Lamb,ceedee lamb,WR,DAL,1999-04-08,27.5,2020,1,17,17,_CeeDeeThree,74,200,Oklahoma,2026
14836,4131d4ee-0318-4bb5-832a-4dec80668a4f,19236,00-0036322,61398,6794,52430,4262921,32692,NA,2871343,JeffJu00,justin-jefferson-1,14509,NA,542,32692,0,21685,1069535,Justin Jefferson,justin jefferson,WR,MIN,1999-06-16,27.3,2020,1,22,22,JJettas2,73,195,LSU,2026
15125,22e0f7ed-9b46-4a75-9780-d9b66c245744,19251,00-0036152,50532,6994,53054,4034849,33336,NA,2239671,JackLa02,NA,14583,NA,NA,33336,0,22049,911970,Lamar Jackson,lamar jackson,CB,CAR,1998-04-13,25.8,2020,NA,NA,NA,NA,74,208,Nebraska,2026
13589,3069db07-aa43-4503-ab11-2ae5c0002721,17298,00-0034857,46601,4984,46076,3918298,30977,NA,2181054,AlleJo02,josh-allen-7,12483,13045,365,30977,868199,19801,868199,Josh Allen,josh allen,QB,BUF,1996-05-21,30.3,2018,1,7,7,NA,77,237,Wyoming,2026
13593,e06a9c07-453a-4bb0-a7e9-2c3a64166dad,17233,00-0034796,46416,4881,46101,3916387,31002,NA,2181169,JackLa00,lamar-jackson-1,12561,13059,372,31002,877745,19781,877745,Lamar Jackson,lamar jackson,QB,BAL,1997-01-07,29.7,2018,1,32,32,NA,74,205,Louisville,2026
13604,9811b753-347c-467a-b3cb-85937e71e2b9,17240,00-0034844,45791,4866,46071,3929630,30972,NA,2185957,BarkSa00,saquon-barkley-1,12507,13048,1,30972,883302,19766,883302,Saquon Barkley,saquon barkley,RB,PHI,1997-02-09,29.6,2018,1,2,2,NA,72,233,Penn State,2026
13116,11cad59d-90dd-449c-a839-dddaba4fe16c,16413,00-0033873,11765,4046,44822,3139477,30123,NA,2142052,MahoPa00,patrick-mahomes-1,11839,12142,272,30123,839031,18890,839031,Patrick Mahomes,patrick mahomes,QB,KCC,1995-09-17,31,2017,1,10,10,NA,74,225,Texas Tech,2026
13130,f96db0af-5e25-42d1-a07a-49b4e065b364,16393,00-0033280,11763,4034,44820,3117251,30121,NA,2136743,McCaCh01,christian-mccaffrey-1,11690,12198,283,30121,830517,18877,830517,Christian McCaffrey,christian mccaffrey,RB,SFO,1996-06-07,30.3,2017,1,8,8,NA,71,210,Stanford,2026
13354,4ceb866c-8eaf-49b5-9043-56228e43a2e5,16712,00-0033303,11988,4227,45046,3055899,30346,NA,2078888,ButkHa00,harrison-butker-1,11783,12433,NA,30346,748560,19073,748560,Harrison Butker,harrison butker,PK,KCC,1995-07-14,31.2,2017,7,15,233,buttkicker7,76,205,Georgia Tech,2026
11244,c3859e06-5f23-4302-a71b-04820a899d5f,11594,00-0030506,7844,1466,2540258,15847,26686,NA,1725130,KelcTr00,travis-kelce-1,8783,8411,264,26686,448240,15048,448240,Travis Kelce,travis kelce,TE,KCC,1989-10-05,37,2013,3,1,63,NA,77,250,Cincinnati,2026
7836,0ce48193-e2fa-466e-a986-33f751add206,9001,00-0023459,2241,96,2506363,8439,7200,3452,419780,RodgAa00,aaron-rodgers-1,4307,3118,235,7200,213957,2593,213957,Aaron Rodgers,aaron rodgers,QB,PIT,1983-12-02,42.8,2005,1,24,24,AaronRodgers12,74,223,California,2026
